tag,E0,run,d_impact,fate,n_vacant,ke_after,ratio,deposited
Ar_random_E50_run1,50.0,1,0.4,reflected,0,1.6081825426891674,0.032163650853783345,48.391817457310836
Ar_random_E50_run2,50.0,2,0.55,reflected,0,3.8830783090753616,0.07766156618150723,46.11692169092464
Ar_random_E50_run3,50.0,3,1.3,reflected,0,4.629890550047004,0.09259781100094008,45.370109449953
Ar_random_E50_run4,50.0,4,0.73,reflected,0,3.665188247377057,0.07330376494754115,46.33481175262294
Ar_random_E50_run5,50.0,5,0.49,reflected,0,2.648996528820753,0.052979930576415056,47.35100347117925
Ar_random_E50_run6,50.0,6,0.9,reflected,0,4.110039601763119,0.08220079203526237,45.88996039823688
Ar_random_E50_run7,50.0,7,0.13,reflected,0,1.8184711864894385,0.03636942372978877,48.18152881351056
Ar_random_E50_run8,50.0,8,0.87,reflected,0,5.44315262704326,0.1088630525408652,44.55684737295674
Ar_random_E50_run9,50.0,9,0.64,reflected,0,2.3931556859741754,0.047863113719483506,47.60684431402582
Ar_random_E50_run10,50.0,10,0.65,reflected,0,3.9072600467554537,0.07814520093510907,46.092739953244546
Ar_random_E50_run11,50.0,11,0.23,reflected,0,4.141105240131461,0.08282210480262922,45.85889475986854
Ar_random_E50_run12,50.0,12,0.52,reflected,0,3.1736576992274435,0.06347315398454886,46.82634230077256
Ar_random_E50_run13,50.0,13,0.54,reflected,0,4.086618647623748,0.08173237295247496,45.91338135237625
Ar_random_E50_run14,50.0,14,0.86,reflected,0,4.2326006913086305,0.08465201382617261,45.76739930869137
Ar_random_E60_run1,60.0,1,0.07,reflected,1,3.8446998330151505,0.06407833055025251,56.15530016698485
Ar_random_E60_run2,60.0,2,0.27,reflected,0,3.1746927788730233,0.05291154631455039,56.82530722112698
Ar_random_E60_run3,60.0,3,0.52,reflected,0,6.732726062139232,0.11221210103565386,53.267273937860764
Ar_random_E60_run4,60.0,4,0.87,reflected,0,4.569317896241507,0.07615529827069177,55.43068210375849
Ar_random_E60_run5,60.0,5,0.79,reflected,0,5.736369988851537,0.09560616648085896,54.263630011148464
Ar_random_E60_run6,60.0,6,0.29,reflected,1,5.939618227923613,0.0989936371320602,54.06038177207639
Ar_random_E60_run7,60.0,7,0.84,reflected,0,4.6142558790239265,0.07690426465039878,55.38574412097607
Ar_random_E60_run8,60.0,8,0.33,transmitted,0,10.167028408844585,0.16945047348074307,49.83297159115541
Ar_random_E60_run9,60.0,9,0.71,reflected,0,4.887853099148963,0.08146421831914938,55.11214690085104
Ar_random_E60_run10,60.0,10,0.29,reflected,0,3.345708637802613,0.055761810630043554,56.654291362197384
Ar_random_E60_run11,60.0,11,0.68,reflected,0,4.345264349287835,0.0724210724881306,55.65473565071216
Ar_random_E60_run12,60.0,12,0.17,reflected,0,5.784563297117962,0.09640938828529937,54.21543670288204
Ar_random_E60_run13,60.0,13,0.64,transmitted,0,10.04064518420209,0.16734408640336815,49.95935481579791
Ar_random_E60_run14,60.0,14,0.92,reflected,0,6.6848755722531354,0.11141459287088559,53.315124427746866
Ar_random_E60_run15,60.0,15,0.23,reflected,0,3.164217772867511,0.052736962881125185,56.83578222713249
Ar_random_E60_run16,60.0,16,0.65,reflected,0,3.040472759222961,0.050674545987049346,56.95952724077704
Ar_random_E60_run17,60.0,17,0.73,reflected,0,4.390357594020495,0.07317262656700825,55.60964240597951
Ar_random_E60_run18,60.0,18,0.2,reflected,0,6.287177271088705,0.10478628785147842,53.71282272891129
Ar_random_E60_run19,60.0,19,0.58,reflected,0,5.823677714801187,0.09706129524668645,54.176322285198815
Ar_random_E60_run20,60.0,20,0.93,reflected,0,7.910844605262599,0.13184741008770998,52.0891553947374
Ar_random_E60_run21,60.0,21,0.58,reflected,0,3.934578075759877,0.06557630126266462,56.06542192424012
Ar_random_E60_run22,60.0,22,0.66,reflected,0,8.137320031566496,0.13562200052610826,51.862679968433504
Ar_random_E60_run23,60.0,23,0.91,reflected,0,9.371072863510971,0.15618454772518284,50.628927136489025
Ar_random_E60_run24,60.0,24,0.53,reflected,0,4.994424899386009,0.08324041498976681,55.00557510061399
Ar_random_E70_run1,70.0,1,0.38,transmitted,1,9.273257837065426,0.1324751119580775,60.72674216293457
Ar_random_E70_run2,70.0,2,0.71,transmitted,0,10.764849008553167,0.15378355726504525,59.23515099144683
Ar_random_E70_run3,70.0,3,0.49,transmitted,1,10.001043036987484,0.1428720433855355,59.99895696301252
Ar_random_E70_run4,70.0,4,0.67,reflected,0,6.513153581985836,0.09304505117122623,63.48684641801417
Ar_random_E70_run5,70.0,5,0.48,transmitted,0,11.313772445835408,0.16162532065479154,58.68622755416459
Ar_random_E70_run6,70.0,6,0.6,transmitted,0,13.080651122504936,0.18686644460721336,56.91934887749507
Ar_random_E70_run7,70.0,7,1.21,transmitted,0,45.536051802155576,0.6505150257450797,24.463948197844424
Ar_random_E70_run8,70.0,8,0.23,reflected,1,5.839132903014151,0.08341618432877358,64.16086709698585
Ar_random_E70_run9,70.0,9,0.86,transmitted,0,17.74526052101623,0.2535037217288033,52.254739478983765
Ar_random_E70_run10,70.0,10,0.54,reflected,1,5.641391080634439,0.08059130115192056,64.35860891936557
Ar_random_E70_run11,70.0,11,0.66,transmitted,0,10.486655390987428,0.14980936272839182,59.51334460901257
Ar_random_E70_run12,70.0,12,0.65,transmitted,0,10.60126502147246,0.1514466431638923,59.39873497852754
Ar_random_E70_run13,70.0,13,0.58,transmitted,0,11.33559192475049,0.16193702749643557,58.66440807524951
Ar_random_E70_run14,70.0,14,0.67,transmitted,0,12.35215627197806,0.1764593753139723,57.64784372802194
Ar_random_E70_run15,70.0,15,0.62,reflected,0,5.629777487016514,0.08042539267166449,64.37022251298349
Ar_random_E70_run16,70.0,16,0.33,transmitted,1,9.063695612160267,0.1294813658880038,60.93630438783973
Ar_random_E70_run17,70.0,17,0.32,transmitted,1,8.886241557838673,0.1269463079691239,61.11375844216133
Ar_random_E70_run18,70.0,18,0.69,transmitted,0,11.820195512900732,0.1688599358985819,58.17980448709927
Ar_random_E70_run19,70.0,19,0.68,transmitted,0,11.269253463293154,0.1609893351899022,58.730746536706846
Ar_random_E70_run20,70.0,20,0.69,transmitted,2,9.750139731065135,0.13928771044378763,60.24986026893487
Ar_random_E70_run21,70.0,21,0.58,transmitted,0,12.227935949762495,0.17468479928232136,57.7720640502375
Ar_random_E70_run22,70.0,22,0.64,transmitted,0,12.57822574004745,0.179688939143535,57.42177425995255
Ar_random_E70_run23,70.0,23,0.49,transmitted,1,10.07153196080637,0.14387902801151956,59.92846803919363
Ar_random_E70_run24,70.0,24,0.63,transmitted,0,11.240426702199514,0.1605775243171359,58.759573297800486
Ar_random_E80_run1,80.0,1,0.75,transmitted,0,19.932715036174795,0.24915893795218494,60.0672849638252
Ar_random_E80_run2,80.0,2,0.95,transmitted,0,32.17609251109578,0.40220115638869725,47.82390748890422
Ar_random_E80_run3,80.0,3,0.67,transmitted,0,19.97778240391487,0.24972228004893587,60.02221759608513
Ar_random_E80_run4,80.0,4,0.72,transmitted,0,24.184418329347125,0.30230522911683905,55.815581670652875
Ar_random_E80_run5,80.0,5,0.69,transmitted,1,16.403950700028258,0.20504938375035323,63.59604929997174
Ar_random_E80_run6,80.0,6,1.09,transmitted,0,52.799433387941825,0.6599929173492728,27.200566612058175
Ar_random_E80_run7,80.0,7,0.69,transmitted,1,10.379488856756733,0.12974361070945917,69.62051114324326
Ar_random_E80_run8,80.0,8,1.01,transmitted,0,50.48876299185156,0.6311095373981445,29.51123700814844
Ar_random_E80_run9,80.0,9,1.03,transmitted,0,51.53159020789616,0.644144877598702,28.46840979210384
Ar_random_E80_run10,80.0,10,0.49,transmitted,1,15.838209081658826,0.19797761352073534,64.16179091834117
Ar_random_E80_run11,80.0,11,0.86,transmitted,0,21.54241893892579,0.26928023673657236,58.45758106107421
Ar_random_E80_run12,80.0,12,1.06,transmitted,0,55.12561114025159,0.6890701392531449,24.874388859748407
Ar_random_E80_run13,80.0,13,0.37,transmitted,1,13.349919018504217,0.16687398773130271,66.65008098149579
Ar_random_E80_run14,80.0,14,0.6,transmitted,0,17.625191282206362,0.22031489102757953,62.37480871779364
Ar_random_E80_run15,80.0,15,0.58,transmitted,1,12.707258768579646,0.15884073460724557,67.29274123142035
Ar_random_E80_run16,80.0,16,1.01,transmitted,0,30.17824057303449,0.37722800716293114,49.821759426965514
Ar_random_E80_run17,80.0,17,0.39,transmitted,1,12.92677845966971,0.16158473074587137,67.0732215403303
Ar_random_E80_run18,80.0,18,0.3,transmitted,1,12.467316749079846,0.15584145936349808,67.53268325092016
Ar_random_E80_run19,80.0,19,0.8,transmitted,0,18.914859116566436,0.23643573895708045,61.08514088343357
Ar_random_E80_run20,80.0,20,0.51,transmitted,0,15.3098630277162,0.1913732878464525,64.6901369722838
Ar_random_E80_run21,80.0,21,0.98,transmitted,0,37.31684061641955,0.46646050770524433,42.68315938358045
Ar_random_E80_run22,80.0,22,0.49,transmitted,1,14.581038030255423,0.18226297537819278,65.41896196974457
Ar_random_E80_run23,80.0,23,0.47,transmitted,1,15.802867529278647,0.19753584411598307,64.19713247072136
Ar_random_E80_run24,80.0,24,0.72,transmitted,0,17.980758529567687,0.22475948161959608,62.01924147043231
Ar_random_E90_run1,90.0,1,0.76,transmitted,0,26.380150376427327,0.29311278196030366,63.61984962357268
Ar_random_E90_run2,90.0,2,0.72,transmitted,1,18.053927274586467,0.20059919193984962,71.94607272541353
Ar_random_E90_run3,90.0,3,0.84,transmitted,0,34.55517939453746,0.3839464377170829,55.44482060546254
Ar_random_E90_run4,90.0,4,0.7,transmitted,0,27.279984651781376,0.3031109405753486,62.720015348218624
Ar_random_E90_run5,90.0,5,0.89,transmitted,0,39.63040488818042,0.44033783209089356,50.36959511181958
Ar_random_E90_run6,90.0,6,0.57,transmitted,1,18.17775819984084,0.2019750911093427,71.82224180015916
Ar_random_E90_run7,90.0,7,0.27,transmitted,1,13.737733551153898,0.15264148390170998,76.2622664488461
Ar_random_E90_run8,90.0,8,0.47,transmitted,1,16.600372588842497,0.18444858432047218,73.3996274111575
Ar_random_E90_run9,90.0,9,0.77,transmitted,0,26.823777852642078,0.2980419761404675,63.17622214735792
Ar_random_E90_run10,90.0,10,0.5,transmitted,1,20.139896784914463,0.22377663094349404,69.86010321508553
Ar_random_E90_run11,90.0,11,0.71,transmitted,1,27.914855927378895,0.3101650658597655,62.085144072621105
Ar_random_E90_run12,90.0,12,0.9,transmitted,0,42.97785245978646,0.47753169399762735,47.02214754021354
Ar_random_E90_run13,90.0,13,0.21,transmitted,1,13.437838683541889,0.149309318706021,76.56216131645812
Ar_random_E90_run14,90.0,14,0.69,transmitted,0,29.575993972763648,0.3286221552529294,60.42400602723635
Ar_random_E90_run15,90.0,15,0.3,transmitted,1,14.197587142899419,0.157750968254438,75.80241285710058
Ar_random_E90_run16,90.0,16,0.26,transmitted,1,13.953983425647435,0.1550442602849715,76.04601657435256
Ar_random_E90_run17,90.0,17,0.53,transmitted,2,15.893089004431397,0.17658987782701552,74.1069109955686
Ar_random_E90_run18,90.0,18,0.92,transmitted,0,35.0743362184086,0.3897148468712066,54.9256637815914
Ar_random_E90_run19,90.0,19,0.43,transmitted,1,17.943043539563195,0.19936715043959105,72.05695646043681
Ar_random_E90_run20,90.0,20,0.99,transmitted,0,46.076880916616695,0.5119653435179633,43.923119083383305
Ar_random_E90_run21,90.0,21,0.49,transmitted,1,14.651262551259196,0.16279180612510216,75.3487374487408
Ar_random_E90_run22,90.0,22,1.0,transmitted,0,51.97419254122744,0.5774910282358604,38.02580745877256
Ar_random_E90_run23,90.0,23,0.49,transmitted,2,12.824905921018402,0.14249895467798224,77.1750940789816
Ar_random_E90_run24,90.0,24,0.66,transmitted,1,22.070691916245842,0.24522991018050935,67.92930808375417
Ar_random_E100_run1,100.0,1,0.54,transmitted,1,21.45681516108533,0.2145681516108533,78.54318483891467
Ar_random_E100_run2,100.0,2,1.23,transmitted,0,75.38058600993017,0.7538058600993017,24.61941399006983
Ar_random_E100_run3,100.0,3,1.13,transmitted,0,68.88782308291759,0.6888782308291759,31.112176917082408
Ar_random_E100_run4,100.0,4,0.37,transmitted,1,16.830498534038846,0.16830498534038846,83.16950146596116
Ar_random_E100_run5,100.0,5,0.66,transmitted,1,34.13050691782841,0.3413050691782841,65.86949308217159
Ar_random_E100_run6,100.0,6,0.38,transmitted,1,23.99420402017917,0.2399420402017917,76.00579597982083
Ar_random_E100_run7,100.0,7,0.22,transmitted,1,17.532013412573384,0.17532013412573386,82.46798658742662
Ar_random_E100_run8,100.0,8,0.46,transmitted,2,19.63795002328334,0.1963795002328334,80.36204997671666
Ar_random_E100_run9,100.0,9,0.65,transmitted,0,31.859296034978573,0.31859296034978574,68.14070396502143
Ar_random_E100_run10,100.0,10,0.6,transmitted,2,19.30063748401254,0.1930063748401254,80.69936251598746
Ar_random_E100_run11,100.0,11,0.46,transmitted,1,19.448303765823862,0.19448303765823863,80.55169623417613
Ar_random_E100_run12,100.0,12,0.66,transmitted,1,31.067894840080275,0.31067894840080273,68.93210515991973
Ar_random_E100_run13,100.0,13,0.64,transmitted,1,28.644418152035353,0.28644418152035356,71.35558184796464
Ar_random_E100_run14,100.0,14,0.55,transmitted,1,20.860255909432272,0.2086025590943227,79.13974409056773
Ar_random_E100_run15,100.0,15,0.57,transmitted,1,28.280653073886945,0.28280653073886947,71.71934692611305
Ar_random_E100_run16,100.0,16,0.68,transmitted,1,25.090984141664002,0.25090984141664,74.909015858336
Ar_random_E100_run17,100.0,17,0.97,transmitted,0,43.70033805192595,0.43700338051925947,56.29966194807405
Ar_random_E100_run18,100.0,18,0.48,transmitted,2,20.091249697731755,0.20091249697731756,79.90875030226825
Ar_random_E100_run19,100.0,19,0.63,transmitted,1,21.425079619172784,0.21425079619172785,78.57492038082722
Ar_random_E100_run20,100.0,20,0.89,transmitted,0,37.84889950104976,0.3784889950104976,62.15110049895024
Ar_random_E100_run21,100.0,21,0.8,transmitted,0,38.107695910313176,0.3810769591031318,61.892304089686824
Ar_random_E100_run22,100.0,22,0.67,transmitted,1,30.569814514955244,0.30569814514955246,69.43018548504476
Ar_random_E100_run23,100.0,23,0.09,transmitted,1,17.20089143416931,0.1720089143416931,82.7991085658307
Ar_random_E100_run24,100.0,24,1.2,transmitted,0,75.24764038033729,0.7524764038033729,24.752359619662712
Ar_random_E120_run1,120.0,1,0.75,transmitted,2,36.02830702233441,0.30023589185278676,83.97169297766558
Ar_random_E120_run2,120.0,2,0.96,transmitted,0,74.14414528316317,0.6178678773596931,45.85585471683683
Ar_random_E120_run3,120.0,3,0.54,transmitted,1,39.80280775383512,0.33169006461529266,80.19719224616489
Ar_random_E120_run4,120.0,4,0.32,transmitted,1,27.94218389314756,0.23285153244289633,92.05781610685244
Ar_random_E120_run5,120.0,5,0.51,transmitted,1,41.98947560846443,0.3499122967372036,78.01052439153557
Ar_random_E120_run6,120.0,6,0.74,transmitted,1,59.33574377174221,0.4944645314311851,60.66425622825779
Ar_random_E120_run7,120.0,7,0.77,transmitted,2,45.1893829274862,0.376578191062385,74.81061707251379
Ar_random_E120_run8,120.0,8,0.77,transmitted,1,56.74774469341608,0.472897872445134,63.25225530658392
Ar_random_E120_run9,120.0,9,0.37,transmitted,1,26.772145595763444,0.2231012132980287,93.22785440423655
Ar_random_E120_run10,120.0,10,0.61,transmitted,2,32.476079293781936,0.27063399411484945,87.52392070621806
Ar_random_E120_run11,120.0,11,0.23,transmitted,1,26.313137457073545,0.21927614547561286,93.68686254292646
Ar_random_E120_run12,120.0,12,0.81,transmitted,0,60.05990619290818,0.5004992182742348,59.94009380709182
Ar_random_E150_run1,150.0,1,1.07,transmitted,0,118.24785056045287,0.7883190037363526,31.752149439547125
Ar_random_E150_run2,150.0,2,0.8,transmitted,0,91.38464827135033,0.6092309884756688,58.61535172864967
Ar_random_E150_run3,150.0,3,0.67,transmitted,1,70.2624690929785,0.4684164606198567,79.7375309070215
Ar_random_E150_run4,150.0,4,0.55,transmitted,1,56.793397709211526,0.3786226513947435,93.20660229078848
Ar_random_E150_run5,150.0,5,0.24,transmitted,1,36.297427730009154,0.24198285153339436,113.70257226999084
Ar_random_E150_run6,150.0,6,0.56,transmitted,1,46.05758703203618,0.30705058021357456,103.94241296796382
Ar_random_E150_run7,150.0,7,0.69,transmitted,2,54.288211005942195,0.3619214067062813,95.7117889940578
Ar_random_E150_run8,150.0,8,0.94,transmitted,0,104.35111966714732,0.6956741311143154,45.648880332852684
Ar_random_E150_run9,150.0,9,0.54,transmitted,1,61.033698979051024,0.4068913265270068,88.96630102094898
Ar_random_E150_run10,150.0,10,0.87,transmitted,2,80.19948210312447,0.5346632140208297,69.80051789687553
Ar_random_E150_run11,150.0,11,0.39,transmitted,1,46.32436845971301,0.30882912306475335,103.67563154028699
Ar_random_E150_run12,150.0,12,0.76,transmitted,1,68.69438553573363,0.4579625702382242,81.30561446426637
Ar_random_E200_run1,200.0,1,0.65,transmitted,1,102.4593253017476,0.512296626508738,97.5406746982524
Ar_random_E200_run2,200.0,2,0.74,transmitted,1,117.37020652955438,0.5868510326477719,82.62979347044562
Ar_random_E200_run3,200.0,3,0.68,transmitted,2,65.86066869348639,0.32930334346743195,134.1393313065136
Ar_random_E200_run4,200.0,4,0.82,transmitted,1,142.4743657859765,0.7123718289298825,57.52563421402351
Ar_random_E200_run5,200.0,5,0.43,transmitted,1,93.13649232508959,0.46568246162544796,106.86350767491041
Ar_random_E200_run6,200.0,6,0.56,transmitted,2,80.70748863503826,0.4035374431751913,119.29251136496174
Ar_random_E200_run7,200.0,7,0.57,transmitted,1,80.41430253262885,0.4020715126631443,119.58569746737115
Ar_random_E200_run8,200.0,8,0.73,transmitted,1,119.15451822461065,0.5957725911230533,80.84548177538935
Ar_random_E200_run9,200.0,9,0.19,transmitted,1,49.30850307595877,0.24654251537979385,150.69149692404125
Ar_random_E200_run10,200.0,10,0.52,transmitted,1,88.47198871172034,0.4423599435586017,111.52801128827966
Ar_random_E200_run11,200.0,11,0.74,transmitted,2,101.61436908603122,0.508071845430156,98.38563091396878
Ar_random_E200_run12,200.0,12,0.63,transmitted,1,108.81225083188438,0.544061254159422,91.18774916811562
