tag,E0,run,T_start,T_end,dT,deposited,dT_equipartition
Ar_random_E50_run1,50.0,1,303.78298,396.5304,92.74741999999998,48.39181745731084,91.40034825866876
Ar_random_E50_run2,50.0,2,305.86475,394.80774,88.94299000000001,46.11692169092464,87.1036246341987
Ar_random_E50_run3,50.0,3,301.979,388.20372,86.22471999999999,45.370109449953,85.69307833742322
Ar_random_E50_run4,50.0,4,300.30482,394.57477,94.26995,46.33481175262294,87.5151658526887
Ar_random_E50_run5,50.0,5,302.89756,399.18163,96.28406999999999,47.35100347117925,89.43450432464331
Ar_random_E50_run6,50.0,6,301.94443,398.88225,96.93781999999999,45.88996039823688,86.67495007137207
Ar_random_E50_run7,50.0,7,303.52042,397.96153,94.44110999999998,48.18152881351056,91.00316426583474
Ar_random_E50_run8,50.0,8,301.78547,394.38947,92.60400000000004,44.55684737295674,84.15702449673827
Ar_random_E50_run9,50.0,9,304.96306,407.33353,102.37047000000001,47.60684431402582,89.91772531868008
Ar_random_E50_run10,50.0,10,298.63407,401.78952,103.15544999999997,46.09273995324455,87.05795122572609
Ar_random_E50_run11,50.0,11,298.09315,394.53801,96.44486,45.85889475986854,86.61627465236658
Ar_random_E50_run12,50.0,12,301.70359,409.48773,107.78413999999998,46.82634230077256,88.44354725353774
Ar_random_E50_run13,50.0,13,303.43106,390.04102,86.60996,45.91338135237625,86.719186545168
Ar_random_E50_run14,50.0,14,309.27751,396.06113,86.78361999999998,45.76739930869137,86.44346204599869
Ar_random_E60_run1,60.0,1,309.10676,410.3579,101.25113999999996,56.15530016698485,106.06367484255502
Ar_random_E60_run2,60.0,2,300.72911,426.14199,125.41288000000003,56.82530722112698,107.32915486174167
Ar_random_E60_run3,60.0,3,302.25855,421.7476,119.48904999999996,53.267273937860764,100.60889721708205
Ar_random_E60_run4,60.0,4,305.75522,414.78403,109.02880999999996,55.43068210375849,104.69504793797891
Ar_random_E60_run5,60.0,5,299.12784,410.57988,111.45204000000001,54.263630011148464,102.49077098982207
Ar_random_E60_run6,60.0,6,306.62182,410.90015,104.27832999999998,54.06038177207639,102.10688460550644
Ar_random_E60_run7,60.0,7,299.37127,416.65776,117.28649000000001,55.38574412097607,104.61017104159083
Ar_random_E60_run8,60.0,8,306.5914,404.35187,97.76047,49.83297159115541,94.12233715367178
Ar_random_E60_run9,60.0,9,306.60372,418.62523,112.02150999999998,55.11214690085104,104.0934125787765
Ar_random_E60_run10,60.0,10,300.04562,421.52403,121.47841,56.65429136219738,107.00614758726373
Ar_random_E60_run11,60.0,11,307.3792,408.93844,101.55923999999999,55.65473565071216,105.11823047784158
Ar_random_E60_run12,60.0,12,304.28066,410.24794,105.96728000000002,54.21543670288204,102.39974557704076
Ar_random_E60_run13,60.0,13,295.88871,403.78906,107.90035,49.95935481579791,94.36104426064432
Ar_random_E60_run14,60.0,14,302.52845,410.17311,107.64465999999999,53.31512442774687,100.69927512950075
Ar_random_E60_run15,60.0,15,304.18419,424.12714,119.94295,56.83578222713249,107.34893959493051
Ar_random_E60_run16,60.0,16,306.15107,424.92,118.76893000000001,56.95952724077704,107.58266376435984
Ar_random_E60_run17,60.0,17,300.50221,427.17643,126.67421999999999,55.60964240597951,105.03306032947272
Ar_random_E60_run18,60.0,18,307.06463,404.4744,97.40976999999998,53.71282272891129,101.45043028626614
Ar_random_E60_run19,60.0,19,306.09161,425.32988,119.23827,54.176322285198815,102.32586797570175
Ar_random_E60_run20,60.0,20,305.90819,404.81671,98.90852000000001,52.0891553947374,98.38371844121852
Ar_random_E60_run21,60.0,21,305.20863,423.0147,117.80606999999998,56.06542192424012,105.89391674874108
Ar_random_E60_run22,60.0,22,306.6607,411.97668,105.31597999999997,51.862679968433504,97.95596156156697
Ar_random_E60_run23,60.0,23,300.08957,410.38203,110.29246,50.62892713648903,95.62570317430303
Ar_random_E60_run24,60.0,24,305.25838,415.79945,110.54106999999999,55.00557510061399,103.89212442371159
Ar_random_E70_run1,70.0,1,298.35624,431.39889,133.04264999999998,60.72674216293457,114.69801453939945
Ar_random_E70_run2,70.0,2,299.98458,426.91983,126.93525,59.23515099144683,111.88076237370426
Ar_random_E70_run3,70.0,3,298.82056,427.48992,128.66935999999998,59.99895696301252,113.32340568555631
Ar_random_E70_run4,70.0,4,304.22555,431.15764,126.93209000000002,63.48684641801417,119.911178735331
Ar_random_E70_run5,70.0,5,297.19564,423.37294,126.1773,58.68622755416459,110.84397979410386
Ar_random_E70_run6,70.0,6,299.83575,421.47567,121.63991999999996,56.91934887749507,107.50677662910861
Ar_random_E70_run7,70.0,7,308.89343,364.11575,55.22231999999997,24.463948197844424,46.20643535526488
Ar_random_E70_run8,70.0,8,307.93889,455.53276,147.59386999999998,64.16086709698585,121.18423951354836
Ar_random_E70_run9,70.0,9,294.35674,407.84849,113.49175000000002,52.254739478983765,98.69646641724898
Ar_random_E70_run10,70.0,10,304.51557,429.70129,125.18571999999995,64.35860891936557,121.55772561885435
Ar_random_E70_run11,70.0,11,304.93608,421.49753,116.56144999999998,59.51334460901257,112.406202310968
Ar_random_E70_run12,70.0,12,304.4526,424.09009,119.63748999999996,59.39873497852754,112.18973265368822
Ar_random_E70_run13,70.0,13,307.95417,424.07723,116.12306000000001,58.66440807524951,110.80276811666644
Ar_random_E70_run14,70.0,14,303.43535,413.57523,110.13987999999995,57.64784372802194,108.88272583997554
Ar_random_E70_run15,70.0,15,301.69807,424.12292,122.42485000000005,64.37022251298349,121.57966086652611
Ar_random_E70_run16,70.0,16,302.65835,435.62516,132.96681,60.93630438783973,115.09382650399635
Ar_random_E70_run17,70.0,17,304.40901,429.08239,124.67337999999995,61.11375844216133,115.4289939603378
Ar_random_E70_run18,70.0,18,300.20466,416.49368,116.28902,58.17980448709927,109.8874700548938
Ar_random_E70_run19,70.0,19,296.31657,407.49451,111.17793999999998,58.730746536706846,110.9280653011645
Ar_random_E70_run20,70.0,20,302.5101,407.16498,104.65487999999999,60.24986026893487,113.79730087580792
Ar_random_E70_run21,70.0,21,304.07636,431.17006,127.09369999999996,57.7720640502375,109.11734775144481
Ar_random_E70_run22,70.0,22,304.00505,422.34293,118.33788000000004,57.42177425995255,108.45573571648157
Ar_random_E70_run23,70.0,23,296.10797,429.99225,133.88428,59.92846803919363,113.19026928928211
Ar_random_E70_run24,70.0,24,303.72785,428.76075,125.03289999999998,58.759573297800486,110.98251202669722
Ar_random_E80_run1,80.0,1,304.7807,417.39549,112.61478999999997,60.0672849638252,113.45246062497054
Ar_random_E80_run2,80.0,2,301.38595,403.20508,101.81913000000003,47.82390748890422,90.32770474951091
Ar_random_E80_run3,80.0,3,302.98253,418.32161,115.33908000000002,60.02221759608513,113.36733935193347
Ar_random_E80_run4,80.0,4,297.51079,420.44799,122.93720000000002,55.81558167065288,105.42202940524437
Ar_random_E80_run5,80.0,5,297.75912,431.43677,133.67765000000003,63.59604929997174,120.11743636247174
Ar_random_E80_run6,80.0,6,303.77191,361.61988,57.84797000000003,27.20056661205817,51.37524052218952
Ar_random_E80_run7,80.0,7,299.39216,432.35658,132.96442000000002,69.62051114324326,131.49617639495403
Ar_random_E80_run8,80.0,8,297.22114,364.71096,67.48982000000001,29.51123700814844,55.73953370253876
Ar_random_E80_run9,80.0,9,299.53493,367.17681,67.64188000000001,28.46840979210384,53.76988726790801
Ar_random_E80_run10,80.0,10,298.85331,448.49794,149.64463,64.16179091834117,121.1859843869183
Ar_random_E80_run11,80.0,11,304.381,412.90813,108.52713000000006,58.45758106107421,110.41212229846381
Ar_random_E80_run12,80.0,12,298.73017,349.78366,51.05349000000001,24.874388859748407,46.98165772567154
Ar_random_E80_run13,80.0,13,297.28257,449.36381,152.08123999999998,66.65008098149579,125.88575782571397
Ar_random_E80_run14,80.0,14,295.33629,437.21305,141.87676,62.37480871779364,117.81081056530746
Ar_random_E80_run15,80.0,15,298.2655,439.58013,141.31463000000002,67.29274123142035,127.09958639718526
Ar_random_E80_run16,80.0,16,300.94749,400.47385,99.52636000000001,49.82175942696552,94.10116010834602
Ar_random_E80_run17,80.0,17,298.66503,450.54483,151.8798,67.0732215403303,126.68496720597662
Ar_random_E80_run18,80.0,18,300.66141,453.65951,152.99810000000002,67.53268325092016,127.55277838906524
Ar_random_E80_run19,80.0,19,299.02398,426.83362,127.80964,61.08514088343357,115.37494236708368
Ar_random_E80_run20,80.0,20,311.62956,433.36522,121.73566,64.6901369722838,122.18390130487762
Ar_random_E80_run21,80.0,21,306.95419,394.62936,87.67517000000004,42.68315938358045,80.61808457351361
Ar_random_E80_run22,80.0,22,300.68072,448.94127,148.26054999999997,65.41896196974457,123.56047408283338
Ar_random_E80_run23,80.0,23,307.89131,434.10406,126.21275000000003,64.19713247072136,121.25273596529001
Ar_random_E80_run24,80.0,24,305.87034,424.60603,118.73568999999998,62.01924147043231,117.13923070024308
Ar_random_E90_run1,90.0,1,305.89294,423.55524,117.66230000000002,63.61984962357268,120.16238937271389
Ar_random_E90_run2,90.0,2,304.84816,449.32885,144.48068999999998,71.94607272541353,135.8885953962625
Ar_random_E90_run3,90.0,3,303.2256,411.32886,108.10326000000003,55.44482060546254,104.72175212160965
Ar_random_E90_run4,90.0,4,306.78689,431.65339,124.86649999999997,62.720015348218624,118.46282175025374
Ar_random_E90_run5,90.0,5,297.71811,416.50863,118.79051999999996,50.36959511181958,95.13588818873603
Ar_random_E90_run6,90.0,6,300.8425,468.70766,167.86516,71.82224180015916,135.65470896074214
Ar_random_E90_run7,90.0,7,298.48361,492.23523,193.75162,76.2622664488461,144.0408333199906
Ar_random_E90_run8,90.0,8,298.92822,480.76584,181.83762000000002,73.3996274111575,138.63400591131946
Ar_random_E90_run9,90.0,9,302.09785,434.02618,131.92833000000002,63.17622214735792,119.32448519895739
Ar_random_E90_run10,90.0,10,298.736,471.70078,172.96478000000002,69.86010321508553,131.9487074210044
Ar_random_E90_run11,90.0,11,298.93087,413.28709,114.35621999999995,62.08514407262111,117.26370465281826
Ar_random_E90_run12,90.0,12,305.10525,406.4407,101.33544999999998,47.02214754021354,88.81337562569105
Ar_random_E90_run13,90.0,13,304.77115,495.11887,190.34772000000004,76.56216131645812,144.60726162917544
Ar_random_E90_run14,90.0,14,303.99023,418.05601,114.06578000000002,60.42400602723635,114.12621976732439
Ar_random_E90_run15,90.0,15,306.35112,488.16705,181.81593000000004,75.80241285710058,143.17228196891523
Ar_random_E90_run16,90.0,16,307.20263,491.61906,184.41643,76.04601657435256,143.63239001535467
Ar_random_E90_run17,90.0,17,303.87732,473.03968,169.16235999999998,74.1069109955686,139.96989221048239
Ar_random_E90_run18,90.0,18,304.56682,418.26698,113.70015999999998,54.9256637815914,103.74119141949208
Ar_random_E90_run19,90.0,19,302.86594,477.21514,174.3492,72.05695646043681,136.09802774515683
Ar_random_E90_run20,90.0,20,303.31559,392.89812,89.58253000000002,43.923119083383305,82.96006622131333
Ar_random_E90_run21,90.0,21,302.38883,489.08352,186.69469000000004,75.3487374487408,142.31539970039833
Ar_random_E90_run22,90.0,22,297.39446,377.49784,80.10338000000002,38.02580745877256,71.82148196055861
Ar_random_E90_run23,90.0,23,305.85905,473.26235,167.4033,77.1750940789816,145.76494222266038
Ar_random_E90_run24,90.0,24,309.20953,452.42332,143.21379000000002,67.92930808375417,128.30190602579935
Ar_random_E100_run1,100.0,1,307.09526,476.51334,169.41808000000003,78.54318483891467,148.34893221265523
Ar_random_E100_run2,100.0,2,314.932,357.35442,42.42241999999999,24.61941399006983,46.50007234387865
Ar_random_E100_run3,100.0,3,299.50831,377.02714,77.51882999999998,31.112176917082408,58.76331898084224
Ar_random_E100_run4,100.0,4,304.09031,516.03481,211.9445,83.16950146596116,157.08691671261613
Ar_random_E100_run5,100.0,5,305.64142,437.89032,132.2489,65.86949308217159,124.41141754271729
Ar_random_E100_run6,100.0,6,302.69452,499.80121,197.10669000000001,76.00579597982083,143.55642311556602
Ar_random_E100_run7,100.0,7,309.87467,512.2301,202.35543,82.46798658742662,155.76192609280199
Ar_random_E100_run8,100.0,8,301.41657,490.21187,188.7953,80.36204997671666,151.78432513166075
Ar_random_E100_run9,100.0,9,301.22962,414.60237,113.37275,68.14070396502143,128.7011813203328
Ar_random_E100_run10,100.0,10,304.0418,495.93898,191.89718,80.69936251598746,152.4214263025057
Ar_random_E100_run11,100.0,11,304.51526,503.08288,198.56761999999998,80.55169623417613,152.1425206880281
Ar_random_E100_run12,100.0,12,305.5889,453.32413,147.73523,68.93210515991973,130.1959452830594
Ar_random_E100_run13,100.0,13,297.20977,461.03392,163.82415000000003,71.35558184796464,134.77330205374636
Ar_random_E100_run14,100.0,14,299.72273,479.87,180.14727,79.13974409056773,149.4756872349505
Ar_random_E100_run15,100.0,15,303.21271,463.64502,160.43230999999997,71.71934692611305,135.4603656230458
Ar_random_E100_run16,100.0,16,298.82713,467.41125,168.58411999999998,74.909015858336,141.48487279292456
Ar_random_E100_run17,100.0,17,294.51945,413.34625,118.82679999999999,56.29966194807405,106.33633906060045
Ar_random_E100_run18,100.0,18,303.43537,487.51264,184.07727,79.90875030226825,150.9281525329218
Ar_random_E100_run19,100.0,19,297.88554,490.23639,192.35084999999998,78.57492038082722,148.40887291617486
Ar_random_E100_run20,100.0,20,296.84364,426.14177,129.29813000000001,62.15110049895024,117.38828026607557
Ar_random_E100_run21,100.0,21,299.03918,430.12657,131.08739000000003,61.89230408968682,116.8994769274608
Ar_random_E100_run22,100.0,22,298.14765,457.82149,159.67383999999998,69.43018548504476,131.13669761618632
Ar_random_E100_run23,100.0,23,303.92632,524.6151,220.68878,82.7991085658307,156.38733480304376
Ar_random_E100_run24,100.0,24,301.85831,356.00252,54.14420999999999,24.752359619662712,46.7511742342959
Ar_random_E120_run1,120.0,1,297.35945,505.33814,207.97869000000003,83.97169297766558,158.6020609537807
Ar_random_E120_run2,120.0,2,305.69702,404.21077,98.51375000000002,45.85585471683683,86.61053275205327
Ar_random_E120_run3,120.0,3,304.56587,503.58325,199.01738,80.19719224616489,151.47294906071946
Ar_random_E120_run4,120.0,4,310.8232,548.81183,237.98863,92.05781610685244,173.87477665044025
Ar_random_E120_run5,120.0,5,292.39969,492.14098,199.74129,78.01052439153557,147.34286645707544
Ar_random_E120_run6,120.0,6,305.93293,429.70718,123.77425,60.66425622825779,114.57999383898321
Ar_random_E120_run7,120.0,7,300.1208,467.34633,167.22553000000005,74.81061707251379,141.2990214700162
Ar_random_E120_run8,120.0,8,301.75747,431.13285,129.37538,63.25225530658392,119.46809330457553
Ar_random_E120_run9,120.0,9,303.1909,556.46436,253.27346000000006,93.22785440423657,176.08469381156422
Ar_random_E120_run10,120.0,10,298.80019,524.51093,225.71074000000004,87.52392070621806,165.3113533206196
Ar_random_E120_run11,120.0,11,300.49641,555.93943,255.44302,93.68686254292646,176.95164830788644
Ar_random_E120_run12,120.0,12,301.78073,425.03441,123.25367999999997,59.94009380709182,113.21222753120196
Ar_random_E150_run1,150.0,1,300.85263,371.25862,70.40599000000003,31.752149439547125,59.972071090242856
Ar_random_E150_run2,150.0,2,309.04417,425.58353,116.53935999999999,58.61535172864967,110.71011263482845
Ar_random_E150_run3,150.0,3,305.59055,500.4331,194.84255000000002,79.7375309070215,150.60476082795026
Ar_random_E150_run4,150.0,4,299.51623,543.85933,244.3431,93.20660229078848,176.0445537492055
Ar_random_E150_run5,150.0,5,302.56681,634.94693,332.38012,113.70257226999084,214.7564453959884
Ar_random_E150_run6,150.0,6,298.22278,576.02802,277.80523999999997,103.94241296796382,196.32188339483375
Ar_random_E150_run7,150.0,7,306.57752,566.49971,259.92219000000006,95.7117889940578,180.77624082282685
Ar_random_E150_run8,150.0,8,305.80346,396.61824,90.81478000000004,45.64888033285269,86.21960858820137
Ar_random_E150_run9,150.0,9,300.20488,536.45505,236.25017000000003,88.96630102094898,168.0356581724502
Ar_random_E150_run10,150.0,10,303.92412,440.52341,136.59929,69.80051789687553,131.83616527810386
Ar_random_E150_run11,150.0,11,308.78463,590.83199,282.04736,103.675631540287,195.8179983026874
Ar_random_E150_run12,150.0,12,304.05805,502.04502,197.98697000000004,81.30561446426637,153.56648846625
Ar_random_E200_run1,200.0,1,296.54644,563.7091,267.16266,97.5406746982524,184.2305601493566
Ar_random_E200_run2,200.0,2,305.26744,515.64213,210.37468999999993,82.62979347044562,156.06753985636092
Ar_random_E200_run3,200.0,3,296.76107,702.00436,405.24329,134.1393313065136,253.35650200399826
Ar_random_E200_run4,200.0,4,297.60557,423.0408,125.43522999999999,57.52563421402351,108.65190185511833
Ar_random_E200_run5,200.0,5,298.47723,607.48829,309.01106,106.8635076749104,201.83911931487327
Ar_random_E200_run6,200.0,6,306.71053,647.77523,341.06469999999996,119.29251136496174,225.31447786657708
Ar_random_E200_run7,200.0,7,302.23951,637.42609,335.18658000000005,119.58569746737116,225.8682349534743
Ar_random_E200_run8,200.0,8,306.88009,495.21999,188.3399,80.84548177538935,152.69740996871977
Ar_random_E200_run9,200.0,9,301.53814,768.65298,467.11483999999996,150.69149692404125,284.6195084660263
Ar_random_E200_run10,200.0,10,298.38861,615.24199,316.85337999999996,111.52801128827966,210.64922972438345
Ar_random_E200_run11,200.0,11,300.688,553.09433,252.40633000000003,98.38563091396878,185.82647649302217
Ar_random_E200_run12,200.0,12,303.36316,534.92617,231.56300999999996,91.18774916811562,172.23143227142302
