projectile,target,energy_eV,n_impacts,P_vacancy,P_vac_lo95,P_vac_hi95,P_vac_site,P_vac_site_lo95,P_vac_site_hi95,f_frenkel,P_any_defect,f_single,f_divacancy,f_multi,f_topological,f_bond_defect,f_extended,f_self_healed,f_reflected,f_transmitted,f_trapped,mean_C_ejected
Ar,random,50.0,14,0.0,0.0,0.215,0.0,0.0,0.215,0.0,0.0,0.0,0.0,0.0,0.0,0.0,0.0,0.571,1.0,0.0,0.0,0.0
Ar,random,60.0,24,0.083,0.023,0.258,0.083,0.023,0.258,0.0,0.083,0.083,0.0,0.0,0.0,0.0,0.0,0.917,0.917,0.083,0.0,0.08
Ar,random,62.0,48,0.042,0.012,0.14,0.042,0.012,0.14,0.0,0.042,0.042,0.0,0.0,0.0,0.0,0.0,0.833,0.938,0.062,0.0,0.04
Ar,random,64.0,48,0.188,0.102,0.319,0.188,0.102,0.319,0.021,0.229,0.167,0.021,0.0,0.0,0.042,0.0,0.688,0.875,0.125,0.0,0.21
Ar,random,66.0,48,0.167,0.087,0.296,0.167,0.087,0.296,0.0,0.229,0.167,0.0,0.0,0.0,0.042,0.021,0.667,0.562,0.438,0.0,0.17
Ar,random,68.0,48,0.208,0.117,0.343,0.229,0.133,0.365,0.021,0.229,0.229,0.0,0.0,0.0,0.0,0.0,0.708,0.438,0.562,0.0,0.21
Ar,random,70.0,100,0.28,0.201,0.375,0.29,0.21,0.385,0.01,0.32,0.26,0.03,0.0,0.01,0.02,0.0,0.61,0.11,0.89,0.0,0.28
Ar,random,80.0,24,0.375,0.212,0.573,0.375,0.212,0.573,0.0,0.417,0.375,0.0,0.0,0.0,0.042,0.0,0.5,0.0,1.0,0.0,0.38
Ar,random,90.0,24,0.542,0.351,0.721,0.583,0.388,0.755,0.042,0.583,0.5,0.083,0.0,0.0,0.0,0.0,0.417,0.0,1.0,0.0,0.62
Ar,random,100.0,100,0.64,0.542,0.727,0.64,0.542,0.727,0.0,0.66,0.56,0.08,0.0,0.0,0.01,0.01,0.25,0.0,1.0,0.0,0.71
Ar,random,120.0,12,0.833,0.552,0.953,0.833,0.552,0.953,0.0,0.833,0.583,0.25,0.0,0.0,0.0,0.0,0.167,0.0,1.0,0.0,1.08
Ar,random,150.0,12,0.75,0.468,0.911,0.75,0.468,0.911,0.0,0.75,0.583,0.167,0.0,0.0,0.0,0.0,0.167,0.0,1.0,0.0,0.92
Ar,random,200.0,12,1.0,0.757,1.0,1.0,0.757,1.0,0.0,1.0,0.75,0.25,0.0,0.0,0.0,0.0,0.0,0.0,1.0,0.0,1.25
Ar,top,50.0,1,0.0,0.0,0.793,0.0,0.0,0.793,0.0,0.0,0.0,0.0,0.0,0.0,0.0,0.0,1.0,1.0,0.0,0.0,0.0
