projectile,energy_eV,target,run,d_impact_C,fate,min_height,z_proj_final,closest_C,n_ejected,n_vacant,n_adatom,n_undercoord,max_transient_undercoord,n_overcoord,rings,n_displaced,max_disp,outcome,analysis_version
Ar,70.0,random,1,0.58,transmitted,-53.13,-53.05,52.65,0,0,0,0,4,0,,0,1.07,"transient bond breaking, self-healed",5
Ar,70.0,random,2,0.95,reflected,-1.86,34.76,35.02,0,0,0,0,3,0,,0,1.4,"transient bond breaking, self-healed",5
Ar,70.0,random,3,0.41,transmitted,-44.22,-44.25,44.16,1,1,0,3,4,0,,1,127.15,single vacancy,5
Ar,70.0,random,4,1.03,transmitted,-84.17,-84.13,83.79,0,0,0,0,0,0,,0,1.31,elastic / no permanent defect,5
Ar,70.0,random,5,1.01,transmitted,-74.79,-74.82,74.09,0,0,0,0,4,0,,0,1.09,"transient bond breaking, self-healed",5
Ar,70.0,random,6,0.22,transmitted,-41.44,-41.52,40.46,1,1,0,3,4,0,,1,152.62,single vacancy,5
Ar,70.0,random,7,0.3,transmitted,-46.46,-46.38,45.92,1,1,0,3,4,0,,1,156.44,single vacancy,5
Ar,70.0,random,8,0.34,transmitted,-48.52,-48.59,48.01,1,1,0,3,4,0,,1,157.83,single vacancy,5
Ar,70.0,random,9,0.11,transmitted,-41.33,-41.34,41.51,1,1,0,3,4,0,,1,164.75,single vacancy,5
Ar,70.0,random,10,0.69,transmitted,-48.67,-48.7,47.77,0,0,0,0,5,0,,0,1.08,"transient bond breaking, self-healed",5
Ar,70.0,random,11,0.68,transmitted,-55.22,-55.18,54.67,0,0,0,0,4,0,,0,1.36,"transient bond breaking, self-healed",5
Ar,70.0,random,12,0.48,transmitted,-45.05,-45.11,45.12,1,1,0,3,4,0,,1,126.19,single vacancy,5
Ar,70.0,random,13,0.45,transmitted,-47.54,-47.48,47.12,0,0,0,0,3,0,,0,1.16,"transient bond breaking, self-healed",5
Ar,70.0,random,14,0.44,transmitted,-44.53,-44.52,43.58,1,1,0,3,4,0,,1,130.63,single vacancy,5
Ar,70.0,random,15,0.37,transmitted,-49.48,-49.56,48.56,0,0,0,0,4,0,,0,1.16,"transient bond breaking, self-healed",5
Ar,70.0,random,16,1.2,transmitted,-94.76,-94.79,94.52,0,0,0,0,0,0,,0,1.09,elastic / no permanent defect,5
Ar,70.0,random,17,0.48,transmitted,-39.17,-39.11,38.27,0,2,2,3,5,0,,1,2.8,di-vacancy (2 atoms still bonded as adatom),5
Ar,70.0,random,18,0.69,transmitted,-62.74,-62.66,62.02,0,0,0,0,3,0,,0,0.98,"transient bond breaking, self-healed",5
Ar,70.0,random,19,0.5,transmitted,-50.97,-50.95,49.44,0,0,0,0,3,0,,0,1.63,"transient bond breaking, self-healed",5
Ar,70.0,random,20,0.55,transmitted,-49.47,-49.45,48.87,0,0,0,0,4,0,,0,1.21,"transient bond breaking, self-healed",5
Ar,70.0,random,21,0.41,transmitted,-50.84,-50.86,50.54,1,1,0,3,4,0,,1,130.97,single vacancy,5
Ar,70.0,random,22,0.87,transmitted,-54.64,-54.62,54.48,0,0,0,0,3,0,,0,1.31,"transient bond breaking, self-healed",5
Ar,70.0,random,23,0.48,reflected,-1.29,30.15,30.6,1,1,0,3,4,0,,1,132.05,single vacancy,5
Ar,70.0,random,24,0.94,transmitted,-75.07,-75.12,75.45,0,0,0,0,3,0,,0,0.97,"transient bond breaking, self-healed",5
Ar,100.0,random,1,0.35,transmitted,-67.29,-67.34,67.16,1,1,0,3,4,0,,1,188.01,single vacancy,5
Ar,100.0,random,2,0.28,transmitted,-67.95,-67.9,66.57,1,1,0,3,4,0,,1,208.98,single vacancy,5
Ar,100.0,random,3,0.75,transmitted,-77.93,-78.01,39.29,2,2,0,4,6,0,,2,113.56,di-vacancy,5
Ar,100.0,random,4,1.08,transmitted,-130.36,-130.33,130.22,0,0,0,0,0,0,,0,0.9,elastic / no permanent defect,5
Ar,100.0,random,5,0.32,transmitted,-69.1,-69.13,69.04,1,1,0,3,4,0,,1,204.2,single vacancy,5
Ar,100.0,random,6,0.64,transmitted,-71.64,-71.53,66.54,2,2,0,4,6,0,,2,138.64,di-vacancy,5
Ar,100.0,random,7,0.36,transmitted,-72.69,-72.61,71.77,1,1,0,3,4,0,,1,203.12,single vacancy,5
Ar,100.0,random,8,0.7,transmitted,-87.6,-87.6,48.81,1,1,0,3,4,0,,1,126.26,single vacancy,5
Ar,100.0,random,9,0.97,transmitted,-121.7,-121.7,122.54,0,0,0,0,2,0,,0,1.08,"transient bond breaking, self-healed",5
Ar,100.0,random,10,0.65,transmitted,-79.14,-79.18,63.71,1,1,0,3,5,0,,1,137.25,single vacancy,5
Ar,100.0,random,11,0.74,transmitted,-94.53,-94.52,94.2,0,0,0,2,3,0,,0,1.31,bond defect / buckled region (no atom missing from the sheet),5
Ar,100.0,random,12,0.33,transmitted,-69.29,-69.28,68.95,1,1,0,3,4,0,,1,190.39,single vacancy,5
Ar,100.0,random,13,0.55,transmitted,-75.18,-75.1,74.6,1,1,0,3,5,0,,1,159.29,single vacancy,5
Ar,100.0,random,14,0.69,transmitted,-89.54,-89.59,53.53,1,1,0,3,4,0,,1,123.63,single vacancy,5
Ar,100.0,random,15,0.86,transmitted,-107.44,-107.51,108.08,0,0,0,0,3,0,,0,1.02,"transient bond breaking, self-healed",5
Ar,100.0,random,16,0.86,transmitted,-112.45,-112.4,112.19,0,0,0,0,3,0,,0,0.89,"transient bond breaking, self-healed",5
Ar,100.0,random,17,0.77,transmitted,-74.68,-74.64,54.14,2,2,0,4,4,0,,2,128.36,di-vacancy,5
Ar,100.0,random,18,0.29,transmitted,-67.37,-67.35,66.06,1,1,0,3,4,0,,1,213.25,single vacancy,5
Ar,100.0,random,19,0.5,transmitted,-78.88,-78.85,77.67,1,1,0,3,4,0,,1,151.55,single vacancy,5
Ar,100.0,random,20,0.51,transmitted,-83.44,-83.46,60.88,1,1,0,3,4,0,,1,129.77,single vacancy,5
Ar,100.0,random,21,0.17,transmitted,-63.76,-63.77,63.7,1,1,0,3,4,0,,1,215.87,single vacancy,5
Ar,100.0,random,22,0.45,transmitted,-72.06,-72.1,70.36,1,1,0,3,3,0,,1,163.37,single vacancy,5
Ar,100.0,random,23,0.8,transmitted,-98.5,-98.45,97.39,1,2,2,0,4,1,5-5-8,2,3.51,di-vacancy (2 atoms still bonded as adatom),5
Ar,100.0,random,24,0.56,transmitted,-76.93,-76.89,41.09,2,2,0,4,6,0,,2,128.5,di-vacancy,5
